gaia_var_class,объектов,"период, сут",есть в каталоге,мощность пика,амплитуда,StetsonK,цвет BP−RP
CEP,156,2.04,53%,0.84,0.3,0.87,0.85
RR,295,0.58,73%,0.72,0.41,0.86,0.59
ECL,295,0.36,100%,0.61,0.26,0.8,1.06
RS,295,1.45,7%,0.3,0.12,0.8,1.27
CV,299,0.03,9%,0.22,1.53,0.8,0.61
YSO,300,0.41,2%,0.21,0.17,0.77,2.87
DSCT|GDOR|SXPHE,296,0.05,16%,0.1,0.07,0.76,0.57
LPV,295,198.26,8%,0.09,0.15,0.76,2.59
SOLAR_LIKE,295,4.47,6%,0.08,0.08,0.76,1.63
SDB,297,0.03,1%,0.07,0.07,0.76,-0.35
WD,298,0.03,10%,0.07,0.11,0.76,-0.04
